{"cameraMode":{"drawMode":0,"name":"Shaded","section":"Shading Mode"},"sceneLighting":true,"audioPlay":false,"sceneViewState":{"m_AlwaysRefresh":false,"showFog":true,"showSkybox":true,"showFlares":true,"showImageEffects":true,"showParticleSystems":true,"showVisualEffectGraphs":true,"m_FxEnabled":true},"in2DMode":false,"pivot":{"x":15.443925857543946,"y":-3702.20263671875,"z":44.01948547363281},"rotation":{"x":0.058463532477617267,"y":-0.010481653735041619,"z":0.0006138979224488139,"w":0.9982312917709351},"size":21.87330436706543,"orthographic":false}